INSERT INTO companies (id, name, nit, status)
VALUES
('e0000000-0000-0000-0000-000000000001', 'ElectroHogar Bolivia', '7894561230', 'active')
ON CONFLICT (id) DO NOTHING;

INSERT INTO branches (id, company_id, name, city, address, status)
VALUES
('e1000000-0000-0000-0000-000000000001', 'e0000000-0000-0000-0000-000000000001', 'Central ElectroHogar', 'La Paz', 'Av. Mariscal Santa Cruz Nro. 1200', 'active'),
('e1000000-0000-0000-0000-000000000002', 'e0000000-0000-0000-0000-000000000001', 'Sucursal Zona Sur Electro', 'La Paz', 'Calle 21 de Calacoto Nro. 450', 'active'),
('e1000000-0000-0000-0000-000000000003', 'e0000000-0000-0000-0000-000000000001', 'Sucursal El Alto Electro', 'El Alto', 'Av. 6 de Marzo Nro. 880', 'active')
ON CONFLICT (id) DO NOTHING;

INSERT INTO products (id, code, name, price, status)
VALUES
('e2000000-0000-0000-0000-000000000001', 'ELEC-001', 'Refrigerador Samsung 320L', 3850.00, 'active'),
('e2000000-0000-0000-0000-000000000002', 'ELEC-002', 'Cocina Mabe 4 Hornallas', 2450.00, 'active'),
('e2000000-0000-0000-0000-000000000003', 'ELEC-003', 'Lavadora LG 16kg', 4200.00, 'active'),
('e2000000-0000-0000-0000-000000000004', 'ELEC-004', 'Televisor Smart TV 50 Pulgadas', 3600.00, 'active'),
('e2000000-0000-0000-0000-000000000005', 'ELEC-005', 'Microondas Samsung 30L', 980.00, 'active'),
('e2000000-0000-0000-0000-000000000006', 'ELEC-006', 'Licuadora Oster 3 Velocidades', 450.00, 'active'),
('e2000000-0000-0000-0000-000000000007', 'ELEC-007', 'Plancha Philips Vapor', 320.00, 'active'),
('e2000000-0000-0000-0000-000000000008', 'ELEC-008', 'Aspiradora Electrolux', 1250.00, 'active')
ON CONFLICT (id) DO NOTHING;

INSERT INTO inventory_stock (id, branch_id, product_id, quantity)
VALUES
(uuid_generate_v4(), 'e1000000-0000-0000-0000-000000000001', 'e2000000-0000-0000-0000-000000000001', 8),
(uuid_generate_v4(), 'e1000000-0000-0000-0000-000000000001', 'e2000000-0000-0000-0000-000000000002', 12),
(uuid_generate_v4(), 'e1000000-0000-0000-0000-000000000001', 'e2000000-0000-0000-0000-000000000003', 6),
(uuid_generate_v4(), 'e1000000-0000-0000-0000-000000000001', 'e2000000-0000-0000-0000-000000000004', 10),
(uuid_generate_v4(), 'e1000000-0000-0000-0000-000000000002', 'e2000000-0000-0000-0000-000000000004', 5),
(uuid_generate_v4(), 'e1000000-0000-0000-0000-000000000002', 'e2000000-0000-0000-0000-000000000005', 14),
(uuid_generate_v4(), 'e1000000-0000-0000-0000-000000000002', 'e2000000-0000-0000-0000-000000000006', 25),
(uuid_generate_v4(), 'e1000000-0000-0000-0000-000000000003', 'e2000000-0000-0000-0000-000000000007', 18),
(uuid_generate_v4(), 'e1000000-0000-0000-0000-000000000003', 'e2000000-0000-0000-0000-000000000008', 7)
ON CONFLICT DO NOTHING;