-- 02-seed-demo.sql
-- Product Service Seed Data
-- Ejecutar conectado a 'product_service_db'

-- Categories
INSERT INTO categories (id, name) VALUES 
('00000000-0000-0000-0000-000000000001', 'Lacteos'),
('00000000-0000-0000-0000-000000000002', 'Salsas'),
('00000000-0000-0000-0000-000000000003', 'Abarrotes'),
('00000000-0000-0000-0000-000000000004', 'Varios')
ON CONFLICT (name) DO NOTHING;

-- Brands
INSERT INTO brands (id, name) VALUES 
('00000000-0000-0000-0000-000000000011', 'Pil'),
('00000000-0000-0000-0000-000000000012', 'Cris'),
('00000000-0000-0000-0000-000000000013', 'Grano de Oro'),
('00000000-0000-0000-0000-000000000014', 'Fino'),
('00000000-0000-0000-0000-000000000015', 'Guabira'),
('00000000-0000-0000-0000-000000000016', 'Generico')
ON CONFLICT (name) DO NOTHING;

-- Products
INSERT INTO products (id, code, barcode, name, category_id, brand_id, unit, base_price, sale_price) VALUES 
('00000000-0000-0000-0000-000000000101', 'PROD-001', '1234567890001', 'Producto X', '00000000-0000-0000-0000-000000000004', '00000000-0000-0000-0000-000000000016', 'Unidad', 8.00, 10.00),
('00000000-0000-0000-0000-000000000102', 'PROD-002', '1234567890002', 'Leche Pil 980cc', '00000000-0000-0000-0000-000000000001', '00000000-0000-0000-0000-000000000011', 'Bolsa', 15.00, 18.50),
('00000000-0000-0000-0000-000000000103', 'PROD-003', '1234567890003', 'Mayonesa Cris', '00000000-0000-0000-0000-000000000002', '00000000-0000-0000-0000-000000000012', 'Sachet', 1.50, 2.00),
('00000000-0000-0000-0000-000000000104', 'PROD-004', '1234567890004', 'Arroz', '00000000-0000-0000-0000-000000000003', '00000000-0000-0000-0000-000000000013', 'Kilo', 6.50, 8.00),
('00000000-0000-0000-0000-000000000105', 'PROD-005', '1234567890005', 'Aceite', '00000000-0000-0000-0000-000000000003', '00000000-0000-0000-0000-000000000014', 'Litro', 12.00, 15.00),
('00000000-0000-0000-0000-000000000106', 'PROD-006', '1234567890006', 'Azúcar', '00000000-0000-0000-0000-000000000003', '00000000-0000-0000-0000-000000000015', 'Kilo', 4.50, 6.00)
ON CONFLICT (code) DO NOTHING;
